iteration,x value,y value
1.0,0.0,500.0,3000.0
2.0,2.5,9346.725619839037,3535.7809803010937
3.0,5.0,-9.160366528641214E8,1.8353682685965846E9
4.0,7.5,-2.883999480604518E95,5.767998961209037E95
5.0,10.0,NaN,NaN
6.0,12.5,NaN,NaN
7.0,15.0,NaN,NaN
8.0,17.5,NaN,NaN
9.0,20.0,NaN,NaN
10.0,22.5,NaN,NaN
11.0,25.0,NaN,NaN
